Warehouse id,Region,SKU id,Jun-21
Wh-1,NORTH,SKU-1,11.969950031795348
Wh-1,NORTH,SKU-2,37.29474430173136
Wh-1,NORTH,SKU-3,1.9485888486207763
Wh-1,NORTH,SKU-4,180.78250564030014
Wh-1,NORTH,SKU-5,1331.0473814208347
Wh-1,NORTH,SKU-6,-11.597875937895646
Wh-1,NORTH,SKU-7,562.4987379993438
Wh-1,NORTH,SKU-8,567.6939187929136
Wh-1,NORTH,SKU-9,105.09805743209975
Wh-1,NORTH,SKU-10,271.6735143933568
Wh-1,NORTH,SKU-11,5.1946301228183245
Wh-1,NORTH,SKU-12,270.6190698235473
Wh-1,NORTH,SKU-13,460.2093272537047
Wh-1,NORTH,SKU-14,312.84352019411403
Wh-1,NORTH,SKU-15,109.78457232550304
Wh-1,NORTH,SKU-16,227.51709700165242
Wh-1,NORTH,SKU-17,-304.57575414359894
Wh-1,NORTH,SKU-18,343.8001916964336
Wh-1,NORTH,SKU-19,-69.99131811825477
Wh-1,NORTH,SKU-20,75.14634064899853
Wh-1,NORTH,SKU-21,-161.11568148134748
Wh-1,NORTH,SKU-22,19.11901183479766
Wh-1,NORTH,SKU-23,39.06877421529673
Wh-1,NORTH,SKU-24,-508.747372800271
Wh-1,NORTH,SKU-25,108.61925099134176
Wh-1,NORTH,SKU-26,-40.97218468707215
Wh-1,NORTH,SKU-27,84.35120167451353
Wh-1,NORTH,SKU-28,19.38660832911956
Wh-1,NORTH,SKU-29,-693.552097332965
Wh-1,NORTH,SKU-30,150.37649220248682
Wh-1,NORTH,SKU-31,185.3052198932889
Wh-1,NORTH,SKU-32,12.926442015692245
Wh-1,NORTH,SKU-33,13.190372010457239
Wh-1,NORTH,SKU-34,7.8966082138572915
Wh-1,NORTH,SKU-35,17.141724445226476
Wh-1,NORTH,SKU-36,287.2698568551295
Wh-1,NORTH,SKU-37,376.7745176921501
Wh-1,NORTH,SKU-38,282.75721100923977
Wh-1,NORTH,SKU-39,802.6585592613427
Wh-1,NORTH,SKU-40,581.0954510077523
Wh-1,NORTH,SKU-41,122.45743307514665
Wh-1,NORTH,SKU-42,376.8674871875619
Wh-1,NORTH,SKU-43,127.65672544383825
Wh-1,NORTH,SKU-44,1111.9635380834884
Wh-1,NORTH,SKU-45,328.86936225082275
Wh-1,NORTH,SKU-46,152.03975130014013
Wh-1,NORTH,SKU-47,1418.0327818890275
Wh-1,NORTH,SKU-48,19.600487205064255
Wh-1,NORTH,SKU-49,788.3388844538061
Wh-1,NORTH,SKU-50,109.43957435750704
Wh-1,NORTH,SKU-51,1027.4727673089164
Wh-1,NORTH,SKU-52,55.86378666852102
Wh-1,NORTH,SKU-53,92.35155660040895
Wh-1,NORTH,SKU-54,513.0841942597318
Wh-1,NORTH,SKU-55,226.2793775203756
Wh-1,NORTH,SKU-56,171.27921024837616
Wh-1,NORTH,SKU-57,15.372840403240119
Wh-1,NORTH,SKU-58,244.96989364949798
Wh-1,NORTH,SKU-59,180.5146029998605
Wh-1,NORTH,SKU-60,2.000001371296712
Wh-1,NORTH,SKU-61,-322.65474832177574
Wh-1,NORTH,SKU-62,96.05111583855825
Wh-1,NORTH,SKU-63,53.756470275841735
Wh-1,NORTH,SKU-64,-74.86409864495666
Wh-1,NORTH,SKU-65,40.92429944899476
Wh-1,NORTH,SKU-66,16.003011765822812
Wh-1,NORTH,SKU-67,30.397713795150974
Wh-1,NORTH,SKU-68,160.53132952240134
Wh-1,NORTH,SKU-69,118.8474502664485
Wh-1,NORTH,SKU-70,288.10170224516105
Wh-1,NORTH,SKU-71,332.8558256482298
Wh-1,NORTH,SKU-72,98.49323716473535
Wh-1,NORTH,SKU-73,61.08342604959802
Wh-1,NORTH,SKU-74,28.590429726096772
Wh-1,NORTH,SKU-75,34.00169367622675
Wh-1,NORTH,SKU-76,17.894610065721942
Wh-1,NORTH,SKU-77,407.948067826179
Wh-1,NORTH,SKU-78,276.2028259395987
Wh-1,NORTH,SKU-79,324.66112453865196
Wh-1,NORTH,SKU-80,25.90061682715867
Wh-1,NORTH,SKU-81,54.72881259771326
Wh-1,NORTH,SKU-82,78.3858527626239
Wh-1,NORTH,SKU-83,15.454325554361851
Wh-1,NORTH,SKU-84,1756.8104422959993
Wh-1,NORTH,SKU-85,171.0172287132166
Wh-1,NORTH,SKU-86,18.294577831673454
Wh-1,NORTH,SKU-87,7.504924087558898
Wh-1,NORTH,SKU-88,238.4756510324646
Wh-1,NORTH,SKU-89,113.86573315312907
Wh-1,NORTH,SKU-90,171.3372912759832
Wh-1,NORTH,SKU-91,92.06395284280026
Wh-1,NORTH,SKU-92,145.03915970663516
Wh-1,NORTH,SKU-93,5.541238647236284
Wh-1,NORTH,SKU-94,17.437660339871044
Wh-1,NORTH,SKU-95,11.986109490174542
Wh-1,NORTH,SKU-96,78.30670867960788
Wh-1,NORTH,SKU-97,284.3690235761134
Wh-1,NORTH,SKU-98,35.45737188501373
Wh-1,NORTH,SKU-99,40.624213751895866
Wh-1,NORTH,SKU-100,18.121780873308833
Wh-1,NORTH,SKU-101,106.95388030012239
Wh-1,NORTH,SKU-102,77.65443134154621
Wh-1,NORTH,SKU-103,77.34319542097657
Wh-1,NORTH,SKU-104,185.90949332301344
Wh-1,NORTH,SKU-105,52.22512481048956
Wh-1,NORTH,SKU-106,38.52753603941832
Wh-1,NORTH,SKU-107,32.4788619773814
Wh-1,NORTH,SKU-108,123.6797442616906
Wh-1,NORTH,SKU-109,-32.50834589213531
Wh-1,NORTH,SKU-110,-17.37891802061298
Wh-1,NORTH,SKU-111,43.26148380534472
Wh-1,NORTH,SKU-112,13.64476453064269
Wh-1,NORTH,SKU-113,-46.323023339439835
Wh-1,NORTH,SKU-114,1.7368424895119923
Wh-1,NORTH,SKU-115,24.751666415205477
Wh-1,NORTH,SKU-116,5.228022052711537
Wh-1,NORTH,SKU-117,22.5508924596891
Wh-1,NORTH,SKU-118,4.826588486598833
Wh-1,NORTH,SKU-119,244.3102853353023
Wh-1,NORTH,SKU-120,284.5664761607894
Wh-1,NORTH,SKU-121,649.5318137550923
Wh-1,NORTH,SKU-122,165.51364548683273
Wh-1,NORTH,SKU-123,146.04472708859566
Wh-1,NORTH,SKU-124,2843.3036452003175
Wh-1,NORTH,SKU-125,455.71770398106764
Wh-1,NORTH,SKU-126,-291.2113557859257
Wh-1,NORTH,SKU-127,483.1181451994695
Wh-1,NORTH,SKU-128,38.80152937960882
Wh-1,NORTH,SKU-129,8.453432162068184
Wh-1,NORTH,SKU-130,-74.25235702940222
Wh-1,NORTH,SKU-131,-89.36879627977879
Wh-1,NORTH,SKU-132,1121.6306634241973
Wh-1,NORTH,SKU-133,865.2545278824279
Wh-1,NORTH,SKU-134,-49.46271688106492
Wh-1,NORTH,SKU-135,157.83338960772588
Wh-1,NORTH,SKU-136,406.225829489715
Wh-1,NORTH,SKU-137,961.2250162555606
Wh-1,NORTH,SKU-138,211.0817098013506
Wh-1,NORTH,SKU-139,18.17629167370086
Wh-1,NORTH,SKU-140,1800.677995051999
Wh-1,NORTH,SKU-141,626.7730092515824
Wh-1,NORTH,SKU-142,67.62305009671174
Wh-1,NORTH,SKU-143,137.93579834655898
Wh-1,NORTH,SKU-144,38.91699210626348
Wh-1,NORTH,SKU-145,507.0752057708038
Wh-1,NORTH,SKU-146,328.20898145988116
Wh-1,NORTH,SKU-147,-0.5393922594751359
Wh-1,NORTH,SKU-148,376.07825131192453
Wh-1,NORTH,SKU-149,205.62453172988884
Wh-1,NORTH,SKU-150,1910.1514492813285
Wh-1,NORTH,SKU-151,6892.590534287427
Wh-1,NORTH,SKU-152,319.2856917119655
Wh-1,NORTH,SKU-153,-56.76695212718868
Wh-1,NORTH,SKU-154,29.485339791089103
Wh-1,NORTH,SKU-155,14.011624045638351
Wh-1,NORTH,SKU-156,20.89595048722137
Wh-1,NORTH,SKU-157,305.82827420961087
Wh-1,NORTH,SKU-158,26.88274677068641
Wh-1,NORTH,SKU-159,-8.012964787338317
Wh-1,NORTH,SKU-160,260.29471828864024
Wh-1,NORTH,SKU-161,8.707628751830985
Wh-1,NORTH,SKU-162,30.385588433395313
Wh-1,NORTH,SKU-163,183.25515694011347
Wh-1,NORTH,SKU-164,32.350373675790394
Wh-1,NORTH,SKU-165,69.92503581597596
Wh-1,NORTH,SKU-166,56.731080214723214
Wh-1,NORTH,SKU-167,91.88052695580647
Wh-1,NORTH,SKU-168,58.78143115086465
Wh-1,NORTH,SKU-169,8.664088230615718
Wh-1,NORTH,SKU-170,99.37026814521931
Wh-1,NORTH,SKU-171,118.72269803540472
Wh-1,NORTH,SKU-172,16.000000000000068
Wh-1,NORTH,SKU-173,136.12010603217155
Wh-1,NORTH,SKU-174,15.932563148629844
Wh-1,NORTH,SKU-175,1.0109563795278667
Wh-1,NORTH,SKU-176,1.0000000000000042
Wh-1,NORTH,SKU-177,17.77459973052495
Wh-1,NORTH,SKU-178,95.57469553659827
Wh-1,NORTH,SKU-179,21.33774357565467
Wh-1,NORTH,SKU-180,2.952957897041154
Wh-1,NORTH,SKU-181,10.192097422030209
Wh-1,NORTH,SKU-182,88.76362730329727
Wh-1,NORTH,SKU-183,42.778861398513676
Wh-1,NORTH,SKU-184,21.221745122237266
Wh-1,NORTH,SKU-185,253.24832436393402
Wh-1,NORTH,SKU-186,37.750864131075545
Wh-1,NORTH,SKU-187,7.031685529759769
Wh-1,NORTH,SKU-188,38.113846277953435
Wh-1,NORTH,SKU-189,27.653880657834165
Wh-1,NORTH,SKU-190,345.78430179873897
Wh-1,NORTH,SKU-191,8.297294095607754
Wh-1,NORTH,SKU-192,20.517737989733064
Wh-1,NORTH,SKU-193,19.614523118562662
Wh-1,NORTH,SKU-194,228.34185861096313
Wh-1,NORTH,SKU-195,40.13440317825997
Wh-1,NORTH,SKU-196,102.94590569771522
Wh-1,NORTH,SKU-197,164.0985400019574
Wh-1,NORTH,SKU-198,190.63219566479557
Wh-1,NORTH,SKU-199,379.0937255569451
Wh-1,NORTH,SKU-200,24.335450176067432
Wh-1,NORTH,SKU-201,18.182185093219736
Wh-1,NORTH,SKU-202,45.24350338154974
Wh-1,NORTH,SKU-203,75.19968908827016
Wh-1,NORTH,SKU-204,58.068803387162944
Wh-1,NORTH,SKU-205,230.3220737260448
Wh-1,NORTH,SKU-206,2687.108845386944
Wh-1,NORTH,SKU-207,162.90121716733546
Wh-1,NORTH,SKU-208,18.278612755098166
Wh-1,NORTH,SKU-209,-11068.26446949849
Wh-1,NORTH,SKU-210,312.0053236672759
Wh-1,NORTH,SKU-211,1138.9987399602628
Wh-1,NORTH,SKU-212,296.9669966287823
Wh-1,NORTH,SKU-213,45.02354062376403
Wh-1,NORTH,SKU-214,-4.87842799782224
Wh-1,NORTH,SKU-215,1534.44472473194
Wh-1,NORTH,SKU-216,30.300049391273078
Wh-1,NORTH,SKU-217,33.09364847727767
Wh-1,NORTH,SKU-218,18.676636446433932
Wh-1,NORTH,SKU-219,63.15033560078247
Wh-1,NORTH,SKU-220,-1.202773267425762
Wh-1,NORTH,SKU-221,264.7068269190213
Wh-1,NORTH,SKU-222,62.62317776637973
Wh-1,NORTH,SKU-223,11.153526590428232
Wh-1,NORTH,SKU-224,177.04637726886233
Wh-1,NORTH,SKU-225,4589.027194882378
Wh-1,NORTH,SKU-226,966.4730303753058
Wh-1,NORTH,SKU-227,105.87823176200138
Wh-1,NORTH,SKU-228,-319.29852900218214
Wh-1,NORTH,SKU-229,136.39656948515653
Wh-1,NORTH,SKU-230,85.42858515203106
Wh-1,NORTH,SKU-231,15.995614521279908
Wh-1,NORTH,SKU-232,129.4305323328247
Wh-1,NORTH,SKU-233,-68.71417160810813
Wh-2,EAST,SKU-1,-11.457205854456866
Wh-2,EAST,SKU-2,10.861042255263142
Wh-2,EAST,SKU-3,15.852879957213368
Wh-2,EAST,SKU-4,98.58113787075735
Wh-2,EAST,SKU-5,215.53937770374193
Wh-2,EAST,SKU-6,47.03598504924941
Wh-2,EAST,SKU-7,449.1512725734352
Wh-2,EAST,SKU-403,64.53328738327444
Wh-2,EAST,SKU-8,711.3063075601424
Wh-2,EAST,SKU-234,126.53683476030062
Wh-2,EAST,SKU-9,157.60518914449614
Wh-2,EAST,SKU-10,178.7012492206934
Wh-2,EAST,SKU-13,99.0942566945422
Wh-2,EAST,SKU-17,270.2535054318172
Wh-2,EAST,SKU-20,23.164344687409876
Wh-2,EAST,SKU-352,867.2780085704763
Wh-2,EAST,SKU-21,59.87656563210953
Wh-2,EAST,SKU-22,40.58471319749711
Wh-2,EAST,SKU-23,29.202209262044853
Wh-2,EAST,SKU-24,-938.20744644766
Wh-2,EAST,SKU-25,140.25098402881167
Wh-2,EAST,SKU-26,39.38257423115695
Wh-2,EAST,SKU-27,42.13811645024333
Wh-2,EAST,SKU-28,-20.999768875663072
Wh-2,EAST,SKU-29,7.735673483310187
Wh-2,EAST,SKU-30,14.347837665237542
Wh-2,EAST,SKU-31,301.9308770818815
Wh-2,EAST,SKU-32,-97.45414930232249
Wh-2,EAST,SKU-33,76.03622957183603
Wh-2,EAST,SKU-237,350.9303687437861
Wh-2,EAST,SKU-34,-25.501683626264956
Wh-2,EAST,SKU-239,46.571515694254764
Wh-2,EAST,SKU-240,24.465612312799927
Wh-2,EAST,SKU-36,241.3749684173086
Wh-2,EAST,SKU-37,470.91245634528127
Wh-2,EAST,SKU-39,57.589917012414105
Wh-2,EAST,SKU-40,251.0848554215787
Wh-2,EAST,SKU-41,285.8351400504338
Wh-2,EAST,SKU-44,-31.815240908490466
Wh-2,EAST,SKU-45,14.636680352078331
Wh-2,EAST,SKU-47,42.815325090426995
Wh-2,EAST,SKU-50,22.939485432149993
Wh-2,EAST,SKU-51,148.53899588598122
Wh-2,EAST,SKU-53,65.14705260793204
Wh-2,EAST,SKU-56,-110.35667795216193
Wh-2,EAST,SKU-57,15.101280270300048
Wh-2,EAST,SKU-59,34.53669401504284
Wh-2,EAST,SKU-62,-53.22810476385432
Wh-2,EAST,SKU-66,1622.7054993147258
Wh-2,EAST,SKU-67,25.088765791546507
Wh-2,EAST,SKU-244,66.39608600767644
Wh-2,EAST,SKU-69,5189.045642071546
Wh-2,EAST,SKU-70,470.92059531721236
Wh-2,EAST,SKU-71,79.8403155999627
Wh-2,EAST,SKU-72,153.73180376302105
Wh-2,EAST,SKU-73,47.46740389803705
Wh-2,EAST,SKU-328,169.51782464297747
Wh-2,EAST,SKU-76,183.38056470256657
Wh-2,EAST,SKU-77,-95.08652607800342
Wh-2,EAST,SKU-78,445.02502597850776
Wh-2,EAST,SKU-79,44.533593572282356
Wh-2,EAST,SKU-248,1627.87296736606
Wh-2,EAST,SKU-404,14.0538433992391
Wh-2,EAST,SKU-80,-175.03457172882003
Wh-2,EAST,SKU-81,241.46062350757336
Wh-2,EAST,SKU-82,476.67607587538276
Wh-2,EAST,SKU-84,107.17563678220147
Wh-2,EAST,SKU-86,7.498622578902843
Wh-2,EAST,SKU-250,-25.02792007114678
Wh-2,EAST,SKU-87,625.9270808903156
Wh-2,EAST,SKU-359,46.496923846673305
Wh-2,EAST,SKU-88,344.70973674542745
Wh-2,EAST,SKU-251,-25.73334782536906
Wh-2,EAST,SKU-361,30.629971003958683
Wh-2,EAST,SKU-89,80.61657156009882
Wh-2,EAST,SKU-97,-3.3564506155124363
Wh-2,EAST,SKU-329,181.30529455412398
Wh-2,EAST,SKU-330,244.50933379915875
Wh-2,EAST,SKU-332,143.07196784472367
Wh-2,EAST,SKU-257,15.871325459941236
Wh-2,EAST,SKU-258,-328.32518139353243
Wh-2,EAST,SKU-259,1616.0849011189873
Wh-2,EAST,SKU-260,-15.970383176591838
Wh-2,EAST,SKU-261,826.9306925643947
Wh-2,EAST,SKU-262,22.15242799990316
Wh-2,EAST,SKU-263,1286.9304566490823
Wh-2,EAST,SKU-264,6689.410650480808
Wh-2,EAST,SKU-265,10.820341981380576
Wh-2,EAST,SKU-267,355.8124168439702
Wh-2,EAST,SKU-268,6084.198941714406
Wh-2,EAST,SKU-269,35.34126830261732
Wh-2,EAST,SKU-270,207.63451925270073
Wh-2,EAST,SKU-271,33.830546384281575
Wh-2,EAST,SKU-272,76.99044012460485
Wh-2,EAST,SKU-275,-146.7341987194206
Wh-2,EAST,SKU-276,-351.3986653228515
Wh-2,EAST,SKU-278,-12.949029407490173
Wh-2,EAST,SKU-405,609.9379309267042
Wh-2,EAST,SKU-106,331.5141602353581
Wh-2,EAST,SKU-107,47.490098553318234
Wh-2,EAST,SKU-108,520.983158278585
Wh-2,EAST,SKU-109,14.69965065741334
Wh-2,EAST,SKU-110,14.029613871211215
Wh-2,EAST,SKU-111,154.4435931200366
Wh-2,EAST,SKU-112,6.9793745816635235
Wh-2,EAST,SKU-113,329.8634692906729
Wh-2,EAST,SKU-114,17.3309326655657
Wh-2,EAST,SKU-115,85.03746456141438
Wh-2,EAST,SKU-116,-20.500690378694237
Wh-2,EAST,SKU-117,16.571745548079583
Wh-2,EAST,SKU-118,1.9999999600407894
Wh-2,EAST,SKU-119,-184.51709465014181
Wh-2,EAST,SKU-120,1872.4328795736042
Wh-2,EAST,SKU-287,254.16073596913458
Wh-2,EAST,SKU-337,-106.79676253512083
Wh-2,EAST,SKU-121,470.1294869796994
Wh-2,EAST,SKU-288,-24.900574346449673
Wh-2,EAST,SKU-123,941.0002511464248
Wh-2,EAST,SKU-289,133.71180981873314
Wh-2,EAST,SKU-406,24.085630618191608
Wh-2,EAST,SKU-407,7.916848233317202
Wh-2,EAST,SKU-124,120.74649044871182
Wh-2,EAST,SKU-338,15.588554693912457
Wh-2,EAST,SKU-408,31.77536220822138
Wh-2,EAST,SKU-339,10.619465246428245
Wh-2,EAST,SKU-340,67.43269159764691
Wh-2,EAST,SKU-125,4266.111936776664
Wh-2,EAST,SKU-126,106.01464444201197
Wh-2,EAST,SKU-127,427.80405331661
Wh-2,EAST,SKU-342,263.3595233342847
Wh-2,EAST,SKU-291,100.07719934333605
Wh-2,EAST,SKU-343,1038.464301703833
Wh-2,EAST,SKU-292,363.93077606476544
Wh-2,EAST,SKU-409,58.5785132679637
Wh-2,EAST,SKU-132,494.0142936112124
Wh-2,EAST,SKU-133,1862.1902101858761
Wh-2,EAST,SKU-134,364.4136854759777
Wh-2,EAST,SKU-344,205.23437213957922
Wh-2,EAST,SKU-410,256.76566447970544
Wh-2,EAST,SKU-138,-528.0937400048197
Wh-2,EAST,SKU-139,-7.608161916811039
Wh-2,EAST,SKU-140,957.1165475931903
Wh-2,EAST,SKU-141,1682.8529201216138
Wh-2,EAST,SKU-345,1149.2048053120766
Wh-2,EAST,SKU-411,243.24352987057637
Wh-2,EAST,SKU-412,177.3386854552443
Wh-2,EAST,SKU-144,-140.27807378056252
Wh-2,EAST,SKU-146,610.5023902708984
Wh-2,EAST,SKU-386,177.735033653549
Wh-2,EAST,SKU-147,-74.55459376091255
Wh-2,EAST,SKU-293,131.90643147380854
Wh-2,EAST,SKU-148,476.47011489187776
Wh-2,EAST,SKU-149,2160.125637092864
Wh-2,EAST,SKU-387,-64.36102095741316
Wh-2,EAST,SKU-150,19.579539731340997
Wh-2,EAST,SKU-151,958.8870782168646
Wh-2,EAST,SKU-152,30.38556975302891
Wh-2,EAST,SKU-413,-77.54278250166688
Wh-2,EAST,SKU-389,26.0000328077816
Wh-2,EAST,SKU-157,142.46514524770703
Wh-2,EAST,SKU-158,26.983605791309493
Wh-2,EAST,SKU-161,12.521711871571917
Wh-2,EAST,SKU-162,106.61313345671087
Wh-2,EAST,SKU-163,23.898508530706863
Wh-2,EAST,SKU-164,124.17596976948549
Wh-2,EAST,SKU-165,15.809820139836978
Wh-2,EAST,SKU-166,33.56902160457079
Wh-2,EAST,SKU-167,58.98344979739784
Wh-2,EAST,SKU-297,192.48337929851405
Wh-2,EAST,SKU-172,2.0000000000000084
Wh-2,EAST,SKU-178,42.42179284341692
Wh-2,EAST,SKU-179,16.042200587185224
Wh-2,EAST,SKU-182,131.33893694144908
Wh-2,EAST,SKU-185,535.5252141764729
Wh-2,EAST,SKU-186,-43.458318230128796
Wh-2,EAST,SKU-392,39.75927433370342
Wh-2,EAST,SKU-187,20.00000000000008
Wh-2,EAST,SKU-189,42.126002690511044
Wh-2,EAST,SKU-190,237.32944391450826
Wh-2,EAST,SKU-194,24.02648175298542
Wh-2,EAST,SKU-195,62.78251517381038
Wh-2,EAST,SKU-196,352.8126140842242
Wh-2,EAST,SKU-198,22.389781784438313
Wh-2,EAST,SKU-199,779.8199703423904
Wh-2,EAST,SKU-306,98.38393879683429
Wh-2,EAST,SKU-312,16.000000000000068
Wh-2,EAST,SKU-315,104.20416334170521
Wh-2,EAST,SKU-316,48.99999999834249
Wh-2,EAST,SKU-319,23.391348146293588
Wh-2,EAST,SKU-321,63.19268332889985
Wh-2,EAST,SKU-322,347.41195316654046
Wh-2,EAST,SKU-399,86.81672792279892
Wh-2,EAST,SKU-205,266.09587280147974
Wh-2,EAST,SKU-206,477.66248202407826
Wh-2,EAST,SKU-208,148.19742722844404
Wh-2,EAST,SKU-210,102.48265117136381
Wh-2,EAST,SKU-211,202.3338129688883
Wh-2,EAST,SKU-214,528.0063367368804
Wh-2,EAST,SKU-216,2236.220297254348
Wh-2,EAST,SKU-217,-7.832068905362803
Wh-2,EAST,SKU-414,390.75587885140567
Wh-2,EAST,SKU-219,39.63601370936399
Wh-2,EAST,SKU-220,1618.126895547923
Wh-2,EAST,SKU-221,404.483178972744
Wh-2,EAST,SKU-224,184.88243042787906
Wh-2,EAST,SKU-225,86.4248258735485
Wh-2,EAST,SKU-226,60.94091504535829
Wh-2,EAST,SKU-230,-2.37825100184817
Wh-2,EAST,SKU-231,327.6901704316011
Wh-2,EAST,SKU-232,-14.344592402343382
Wh-2,EAST,SKU-233,-27.757161322025134
Wh-2,EAST,SKU-415,77.03419084034289
Wh-3,WEST,SKU-1,134.9502150897415
Wh-3,WEST,SKU-2,176.1609845486484
Wh-3,WEST,SKU-3,36.77036508792027
Wh-3,WEST,SKU-4,23.949494591512
Wh-3,WEST,SKU-5,316.267401549576
Wh-3,WEST,SKU-6,33.75991759476302
Wh-3,WEST,SKU-350,56.52416582403389
Wh-3,WEST,SKU-7,313.6946349067358
Wh-3,WEST,SKU-8,161.81474801146723
Wh-3,WEST,SKU-234,10.039747578500721
Wh-3,WEST,SKU-9,110.8833823360871
Wh-3,WEST,SKU-10,356.0658326135338
Wh-3,WEST,SKU-13,657.3869782251354
Wh-3,WEST,SKU-17,681.6352852344677
Wh-3,WEST,SKU-327,15.583068574938258
Wh-3,WEST,SKU-19,35.48105373660532
Wh-3,WEST,SKU-351,9.355533409808075
Wh-3,WEST,SKU-236,36.94969455455369
Wh-3,WEST,SKU-20,14.619700135307426
Wh-3,WEST,SKU-352,32.573085683960805
Wh-3,WEST,SKU-353,43.79646351681189
Wh-3,WEST,SKU-21,121.93225384735959
Wh-3,WEST,SKU-22,8.937296842955817
Wh-3,WEST,SKU-23,20.76935774026997
Wh-3,WEST,SKU-24,30.150695745820506
Wh-3,WEST,SKU-25,183.25349035622708
Wh-3,WEST,SKU-26,15.169407561218271
Wh-3,WEST,SKU-27,68.38428031824988
Wh-3,WEST,SKU-28,28.246953848103836
Wh-3,WEST,SKU-29,59.637609740980686
Wh-3,WEST,SKU-30,329.6301586406265
Wh-3,WEST,SKU-31,30.747645843050588
Wh-3,WEST,SKU-32,129.35891847310268
Wh-3,WEST,SKU-33,162.39761083061606
Wh-3,WEST,SKU-237,-23.37771309924744
Wh-3,WEST,SKU-34,47.037897917037455
Wh-3,WEST,SKU-239,594.0484002555363
Wh-3,WEST,SKU-240,421.3928960437421
Wh-3,WEST,SKU-354,852.193584307898
Wh-3,WEST,SKU-35,21.588366163985086
Wh-3,WEST,SKU-36,100.14722375813602
Wh-3,WEST,SKU-241,40.14481017810892
Wh-3,WEST,SKU-37,100.81688760059615
Wh-3,WEST,SKU-38,96.15489494304826
Wh-3,WEST,SKU-39,730.2967290909991
Wh-3,WEST,SKU-40,267.87054266137585
Wh-3,WEST,SKU-41,52.83781337234228
Wh-3,WEST,SKU-355,8.23421804951986
Wh-3,WEST,SKU-243,50.456518735327236
Wh-3,WEST,SKU-42,148.79738941210627
Wh-3,WEST,SKU-43,69.19914946062106
Wh-3,WEST,SKU-44,125.56650735217382
Wh-3,WEST,SKU-356,35.67932366646673
Wh-3,WEST,SKU-45,15.536781303165512
Wh-3,WEST,SKU-46,175.5267000222972
Wh-3,WEST,SKU-47,870.6827665271753
Wh-3,WEST,SKU-49,363.26381560462096
Wh-3,WEST,SKU-50,307.7597400400977
Wh-3,WEST,SKU-51,361.29636313392314
Wh-3,WEST,SKU-53,88.68412474058539
Wh-3,WEST,SKU-54,32.53950044527309
Wh-3,WEST,SKU-55,259.3114414400295
Wh-3,WEST,SKU-56,261.6137949533655
Wh-3,WEST,SKU-57,74.2240182111561
Wh-3,WEST,SKU-58,126.44866979154935
Wh-3,WEST,SKU-59,386.06309192957497
Wh-3,WEST,SKU-357,123.64968109133693
Wh-3,WEST,SKU-60,109.0449682410651
Wh-3,WEST,SKU-61,858.3054017128406
Wh-3,WEST,SKU-62,141.72327049018568
Wh-3,WEST,SKU-63,97.94403104298213
Wh-3,WEST,SKU-66,1707.068496339684
Wh-3,WEST,SKU-67,166.52080127877377
Wh-3,WEST,SKU-244,12.825624189882925
Wh-3,WEST,SKU-68,31.728019334906566
Wh-3,WEST,SKU-69,122.62007403846124
Wh-3,WEST,SKU-70,318.1720645083217
Wh-3,WEST,SKU-71,63.05626472330306
Wh-3,WEST,SKU-72,54.471415408752605
Wh-3,WEST,SKU-74,213.02181567380558
Wh-3,WEST,SKU-75,78.54326948737244
Wh-3,WEST,SKU-328,63.4432598985638
Wh-3,WEST,SKU-76,41.79615968309912
Wh-3,WEST,SKU-77,220.28337075717639
Wh-3,WEST,SKU-78,-225.32397761847858
Wh-3,WEST,SKU-79,34.106853351770006
Wh-3,WEST,SKU-80,48.528202020727086
Wh-3,WEST,SKU-81,36.09526555076386
Wh-3,WEST,SKU-82,103.47486171803237
Wh-3,WEST,SKU-358,3.0000000000000124
Wh-3,WEST,SKU-83,1063.968037386754
Wh-3,WEST,SKU-84,1716.3730518531372
Wh-3,WEST,SKU-85,66.22550123994738
Wh-3,WEST,SKU-86,-35.50471107784085
Wh-3,WEST,SKU-250,53.75536373221132
Wh-3,WEST,SKU-87,11.029878669799709
Wh-3,WEST,SKU-359,18.156311952549096
Wh-3,WEST,SKU-88,11.48240371184039
Wh-3,WEST,SKU-360,38.52097569498312
Wh-3,WEST,SKU-251,246.49886391533693
Wh-3,WEST,SKU-361,11.613929030623765
Wh-3,WEST,SKU-89,-24.21593744417848
Wh-3,WEST,SKU-90,15.059048092566279
Wh-3,WEST,SKU-91,24.051714461774253
Wh-3,WEST,SKU-92,21.749925368725727
Wh-3,WEST,SKU-93,72.93562480336374
Wh-3,WEST,SKU-94,3.8451229325963237
Wh-3,WEST,SKU-97,46.88900023397838
Wh-3,WEST,SKU-98,81.98276086519414
Wh-3,WEST,SKU-252,88.03804298234286
Wh-3,WEST,SKU-253,0.9724681296593278
Wh-3,WEST,SKU-362,36.16218780872236
Wh-3,WEST,SKU-254,90.71442792814295
Wh-3,WEST,SKU-331,456.15709953471713
Wh-3,WEST,SKU-363,365.51156436556096
Wh-3,WEST,SKU-364,168.08415133143382
Wh-3,WEST,SKU-255,1308.22986340495
Wh-3,WEST,SKU-332,98.51400293027184
Wh-3,WEST,SKU-365,-9.595830057637656
Wh-3,WEST,SKU-256,918.9415013460169
Wh-3,WEST,SKU-366,137.23794146946057
Wh-3,WEST,SKU-367,90.67365041398149
Wh-3,WEST,SKU-257,441.19448293260234
Wh-3,WEST,SKU-368,46.40194107861542
Wh-3,WEST,SKU-369,19.0
Wh-3,WEST,SKU-370,773.8849969621102
Wh-3,WEST,SKU-371,360.38509661784894
Wh-3,WEST,SKU-258,533.22412493569
Wh-3,WEST,SKU-372,-9.655858782697749
Wh-3,WEST,SKU-373,10.937468753760907
Wh-3,WEST,SKU-259,-2665.1067425939746
Wh-3,WEST,SKU-260,47.935499298830294
Wh-3,WEST,SKU-261,133.31351034076354
Wh-3,WEST,SKU-262,74.5336687469095
Wh-3,WEST,SKU-263,307.43101425330843
Wh-3,WEST,SKU-264,4420.307513192358
Wh-3,WEST,SKU-265,75.98427413972132
Wh-3,WEST,SKU-266,151.41255713871027
Wh-3,WEST,SKU-267,1245.2169302546579
Wh-3,WEST,SKU-268,2832.343441659833
Wh-3,WEST,SKU-374,86.36804948738089
Wh-3,WEST,SKU-269,119.58970960590251
Wh-3,WEST,SKU-270,297.76664019108165
Wh-3,WEST,SKU-271,811.6790407109652
Wh-3,WEST,SKU-272,290.5881318045284
Wh-3,WEST,SKU-273,12.897188475563594
Wh-3,WEST,SKU-274,90.49529684994862
Wh-3,WEST,SKU-275,23.08258220262128
Wh-3,WEST,SKU-277,100.6988509493691
Wh-3,WEST,SKU-278,223.627451554645
Wh-3,WEST,SKU-279,19.578572746664747
Wh-3,WEST,SKU-280,22.829727575841872
Wh-3,WEST,SKU-281,11.05517021232885
Wh-3,WEST,SKU-282,52.631027243981706
Wh-3,WEST,SKU-283,55.74284693090149
Wh-3,WEST,SKU-375,91.96303216505399
Wh-3,WEST,SKU-376,9.110917844167098
Wh-3,WEST,SKU-284,13.465930899927974
Wh-3,WEST,SKU-285,14.42626783689654
Wh-3,WEST,SKU-377,28.6570252264202
Wh-3,WEST,SKU-378,34.366628060122416
Wh-3,WEST,SKU-123,86.81362115508853
Wh-3,WEST,SKU-289,107.96386893734531
Wh-3,WEST,SKU-124,248.23866954017876
Wh-3,WEST,SKU-339,101.7364120284146
Wh-3,WEST,SKU-341,-7.696604357763057
Wh-3,WEST,SKU-290,-249.61660891702604
Wh-3,WEST,SKU-126,-19.00411096422335
Wh-3,WEST,SKU-127,-210.1847882570512
Wh-3,WEST,SKU-291,-28.30662297815047
Wh-3,WEST,SKU-343,377.3846941641104
Wh-3,WEST,SKU-292,224.303015047617
Wh-3,WEST,SKU-128,25.190575567888686
Wh-3,WEST,SKU-379,311.2552998173406
Wh-3,WEST,SKU-380,432.29213737015266
Wh-3,WEST,SKU-381,-2377.8010617090677
Wh-3,WEST,SKU-132,320.99611938574765
Wh-3,WEST,SKU-133,190.99987649633354
Wh-3,WEST,SKU-134,418.52170320863826
Wh-3,WEST,SKU-382,34.79613445935684
Wh-3,WEST,SKU-383,131.29916092680014
Wh-3,WEST,SKU-137,177.75919793209962
Wh-3,WEST,SKU-139,-172.30115683928614
Wh-3,WEST,SKU-140,177.7697682548632
Wh-3,WEST,SKU-141,16.956415975995423
Wh-3,WEST,SKU-144,80.0263650553786
Wh-3,WEST,SKU-145,73.50059297104576
Wh-3,WEST,SKU-146,68.61826362910168
Wh-3,WEST,SKU-384,11.447517245612008
Wh-3,WEST,SKU-385,14.543229017737026
Wh-3,WEST,SKU-386,-163.27785958620223
Wh-3,WEST,SKU-147,14.761576634906172
Wh-3,WEST,SKU-293,24.721989624342314
Wh-3,WEST,SKU-148,98.74347361415138
Wh-3,WEST,SKU-149,152.62822544488418
Wh-3,WEST,SKU-387,34.01890679204422
Wh-3,WEST,SKU-150,294.98258485742633
Wh-3,WEST,SKU-151,369.99645930677696
Wh-3,WEST,SKU-388,21.931856263592067
Wh-3,WEST,SKU-152,37.80633378922465
Wh-3,WEST,SKU-154,27.408460523423596
Wh-3,WEST,SKU-155,11.275448185792015
Wh-3,WEST,SKU-156,72.57655824524221
Wh-3,WEST,SKU-389,4.668044193079246
Wh-3,WEST,SKU-157,36.92252117040392
Wh-3,WEST,SKU-390,29.554699443907577
Wh-3,WEST,SKU-158,13.31347393618195
Wh-3,WEST,SKU-159,47.30215444951649
Wh-3,WEST,SKU-160,357.4571865526455
Wh-3,WEST,SKU-161,443.71970678488213
Wh-3,WEST,SKU-162,42.999751045831374
Wh-3,WEST,SKU-163,10.89040336408487
Wh-3,WEST,SKU-164,13.179382743638687
Wh-3,WEST,SKU-165,64.21058289239025
Wh-3,WEST,SKU-166,19.728076556360413
Wh-3,WEST,SKU-167,39.373239870149625
Wh-3,WEST,SKU-168,47.99011849006968
Wh-3,WEST,SKU-297,56.34255353884673
Wh-3,WEST,SKU-169,124.31555360629811
Wh-3,WEST,SKU-391,2.0000000000000084
Wh-3,WEST,SKU-170,-205.8183871573218
Wh-3,WEST,SKU-171,59.86926599472451
Wh-3,WEST,SKU-172,105.00260555907366
Wh-3,WEST,SKU-299,78.66027180338092
Wh-3,WEST,SKU-173,307.8702887023072
Wh-3,WEST,SKU-174,4.487258845815603
Wh-3,WEST,SKU-175,17.608223353100513
Wh-3,WEST,SKU-176,5.827804524043248
Wh-3,WEST,SKU-177,5.486011906809237
Wh-3,WEST,SKU-178,33.88459798400507
Wh-3,WEST,SKU-179,40.051157002914714
Wh-3,WEST,SKU-180,23.040608798884737
Wh-3,WEST,SKU-181,117.074015957335
Wh-3,WEST,SKU-182,27.80800440223487
Wh-3,WEST,SKU-183,43.165671763859194
Wh-3,WEST,SKU-184,165.08640786878877
Wh-3,WEST,SKU-185,97.62462684818732
Wh-3,WEST,SKU-300,15.683415835734612
Wh-3,WEST,SKU-301,16.792892834988383
Wh-3,WEST,SKU-186,174.338255445755
Wh-3,WEST,SKU-392,25.000230688069635
Wh-3,WEST,SKU-187,19.792849900388124
Wh-3,WEST,SKU-302,38.24036979547701
Wh-3,WEST,SKU-188,14.59602666371789
Wh-3,WEST,SKU-189,46.943700704029425
Wh-3,WEST,SKU-190,-34.23281095886179
Wh-3,WEST,SKU-192,23.721067515286897
Wh-3,WEST,SKU-193,62.73515443163298
Wh-3,WEST,SKU-194,393.89839262744505
Wh-3,WEST,SKU-195,16.390165366781787
Wh-3,WEST,SKU-196,72.42691810211184
Wh-3,WEST,SKU-197,38.747040648122905
Wh-3,WEST,SKU-198,376.53848451637737
Wh-3,WEST,SKU-199,208.398920541634
Wh-3,WEST,SKU-200,-75.7408708633584
Wh-3,WEST,SKU-201,54.30006533105334
Wh-3,WEST,SKU-202,47.150967563036154
Wh-3,WEST,SKU-203,77.25832240456228
Wh-3,WEST,SKU-393,17.000000000000068
Wh-3,WEST,SKU-204,29.577329444785605
Wh-3,WEST,SKU-306,8.692851206057892
Wh-3,WEST,SKU-394,19.0
Wh-3,WEST,SKU-395,11.000000000000115
Wh-3,WEST,SKU-314,72.21110027360544
Wh-3,WEST,SKU-315,46.33444044999197
Wh-3,WEST,SKU-316,4.448140405564629
Wh-3,WEST,SKU-317,366.4986356072452
Wh-3,WEST,SKU-318,7.692868389751889
Wh-3,WEST,SKU-319,42.774302272631886
Wh-3,WEST,SKU-320,56.724223642970635
Wh-3,WEST,SKU-321,97.09178966100224
Wh-3,WEST,SKU-322,51.890836526919465
Wh-3,WEST,SKU-323,29.52144420108108
Wh-3,WEST,SKU-324,1.3565762841782045
Wh-3,WEST,SKU-325,10.606501058709673
Wh-3,WEST,SKU-326,-24.082053526042962
Wh-3,WEST,SKU-396,36.389228063942
Wh-3,WEST,SKU-397,23.76744987597137
Wh-3,WEST,SKU-398,14.578391422603621
Wh-3,WEST,SKU-399,179.56603549651012
Wh-3,WEST,SKU-400,193.18798715341265
Wh-3,WEST,SKU-205,66.29217037341175
Wh-3,WEST,SKU-206,835.9766292527762
Wh-3,WEST,SKU-207,16.151204045652502
Wh-3,WEST,SKU-208,16.07604830092003
Wh-3,WEST,SKU-209,-83.27196248780353
Wh-3,WEST,SKU-210,204.1055085384226
Wh-3,WEST,SKU-211,1723.6760737037002
Wh-3,WEST,SKU-214,27.307291666848247
Wh-3,WEST,SKU-215,73.70079590994395
Wh-3,WEST,SKU-217,139.9398143479014
Wh-3,WEST,SKU-218,52.98296973492387
Wh-3,WEST,SKU-219,-4.032208370536891
Wh-3,WEST,SKU-220,40.42910409339703
Wh-3,WEST,SKU-221,23.181954897312984
Wh-3,WEST,SKU-401,52.29854306635016
Wh-3,WEST,SKU-222,538.8190682710515
Wh-3,WEST,SKU-223,21.759419342738997
Wh-3,WEST,SKU-224,62.20090140590741
Wh-3,WEST,SKU-225,61.56808890177463
Wh-3,WEST,SKU-226,-3.414573223418241
Wh-3,WEST,SKU-402,5.046411399760553
Wh-3,WEST,SKU-227,103.93301478004031
Wh-3,WEST,SKU-229,9.000001592705509
Wh-3,WEST,SKU-230,36.60287316159766
Wh-3,WEST,SKU-231,41.034613423512816
Wh-3,WEST,SKU-232,28.30264382032417
Wh-3,WEST,SKU-233,11.951876930740426
Wh-4,SOUTH,SKU-1,81.21570336905435
Wh-4,SOUTH,SKU-2,10.265128789365903
Wh-4,SOUTH,SKU-3,21.049047316437488
Wh-4,SOUTH,SKU-4,373.0140860542608
Wh-4,SOUTH,SKU-5,357.2960756925959
Wh-4,SOUTH,SKU-6,2.786414098904849
Wh-4,SOUTH,SKU-7,2196.871070726681
Wh-4,SOUTH,SKU-8,1317.606652861381
Wh-4,SOUTH,SKU-234,46.43486889528677
Wh-4,SOUTH,SKU-9,492.7809685135986
Wh-4,SOUTH,SKU-10,393.3712195287653
Wh-4,SOUTH,SKU-13,2454.942984062983
Wh-4,SOUTH,SKU-17,323.54609259324513
Wh-4,SOUTH,SKU-327,25.21055201289715
Wh-4,SOUTH,SKU-19,1.8059790403378386
Wh-4,SOUTH,SKU-351,57.20807073152296
Wh-4,SOUTH,SKU-20,16.72836945699055
Wh-4,SOUTH,SKU-353,5.835729860930897
Wh-4,SOUTH,SKU-21,-2030.3410574963755
Wh-4,SOUTH,SKU-22,40.499611579981604
Wh-4,SOUTH,SKU-23,18.856041232425355
Wh-4,SOUTH,SKU-24,14324.029258307022
Wh-4,SOUTH,SKU-25,164.64893208836818
Wh-4,SOUTH,SKU-26,123.28573887546062
Wh-4,SOUTH,SKU-27,83.6350112373237
Wh-4,SOUTH,SKU-28,28.151063083323503
Wh-4,SOUTH,SKU-29,-4298.400099466063
Wh-4,SOUTH,SKU-30,229.4401355803579
Wh-4,SOUTH,SKU-31,76.54012891928083
Wh-4,SOUTH,SKU-32,10.367713072837901
Wh-4,SOUTH,SKU-33,100.81431335421686
Wh-4,SOUTH,SKU-237,243.3507717706185
Wh-4,SOUTH,SKU-34,69.98970926421721
Wh-4,SOUTH,SKU-239,93.7948116173108
Wh-4,SOUTH,SKU-240,250.46876513605793
Wh-4,SOUTH,SKU-354,27.322977583688463
Wh-4,SOUTH,SKU-35,-65.51346142391739
Wh-4,SOUTH,SKU-36,73.81415985903391
Wh-4,SOUTH,SKU-37,105.58869471270506
Wh-4,SOUTH,SKU-39,101.74533229210832
Wh-4,SOUTH,SKU-40,969.2026448040457
Wh-4,SOUTH,SKU-41,41.84696270285605
Wh-4,SOUTH,SKU-243,136.85780531562187
Wh-4,SOUTH,SKU-42,-71.18683386610748
Wh-4,SOUTH,SKU-43,13.185087595775057
Wh-4,SOUTH,SKU-44,45.0405844161959
Wh-4,SOUTH,SKU-45,-12.851897786028005
Wh-4,SOUTH,SKU-46,114.57545386416896
Wh-4,SOUTH,SKU-47,59.22625973848176
Wh-4,SOUTH,SKU-50,112.42748556313018
Wh-4,SOUTH,SKU-51,-32.74985036250638
Wh-4,SOUTH,SKU-53,152.86983654804686
Wh-4,SOUTH,SKU-54,10.41700523766562
Wh-4,SOUTH,SKU-55,-435.41158063894636
Wh-4,SOUTH,SKU-56,-15359.065050364266
Wh-4,SOUTH,SKU-57,-48.797734251715276
Wh-4,SOUTH,SKU-58,-89.42986985606609
Wh-4,SOUTH,SKU-59,108.5856598005667
Wh-4,SOUTH,SKU-60,103.80598267083704
Wh-4,SOUTH,SKU-61,-8139.4741260672945
Wh-4,SOUTH,SKU-62,21.569457999289355
Wh-4,SOUTH,SKU-63,46.35924219916399
Wh-4,SOUTH,SKU-416,52.81655991200016
Wh-4,SOUTH,SKU-64,201.44309418109484
Wh-4,SOUTH,SKU-65,-6.0155296872654205
Wh-4,SOUTH,SKU-66,56.970165167543364
Wh-4,SOUTH,SKU-67,435.7818348434744
Wh-4,SOUTH,SKU-244,17.713080697029874
Wh-4,SOUTH,SKU-69,258.3643614262797
Wh-4,SOUTH,SKU-70,74.52745573063449
Wh-4,SOUTH,SKU-71,-6.313678055108385
Wh-4,SOUTH,SKU-72,12.082233278786603
Wh-4,SOUTH,SKU-73,80.83721993753412
Wh-4,SOUTH,SKU-74,41.028346693497355
Wh-4,SOUTH,SKU-245,179.09958678661843
Wh-4,SOUTH,SKU-246,-98.5998584953253
Wh-4,SOUTH,SKU-76,17.329560286826055
Wh-4,SOUTH,SKU-77,38.7673005875137
Wh-4,SOUTH,SKU-78,97.03203716818439
Wh-4,SOUTH,SKU-79,93.36529376395634
Wh-4,SOUTH,SKU-248,-181.47955420023473
Wh-4,SOUTH,SKU-404,36.87863668675942
Wh-4,SOUTH,SKU-417,15.59272175933026
Wh-4,SOUTH,SKU-80,157.40240488488348
Wh-4,SOUTH,SKU-81,1461.4371265757134
Wh-4,SOUTH,SKU-82,-78.5250313692303
Wh-4,SOUTH,SKU-84,270.8032559928206
Wh-4,SOUTH,SKU-86,88.90626446042069
Wh-4,SOUTH,SKU-250,234.187201389944
Wh-4,SOUTH,SKU-87,10.0453461343271
Wh-4,SOUTH,SKU-359,115.54853837779592
Wh-4,SOUTH,SKU-88,125.8744995504232
Wh-4,SOUTH,SKU-251,-21.230165953715925
Wh-4,SOUTH,SKU-361,94.07513788540328
Wh-4,SOUTH,SKU-89,67.56071261466482
Wh-4,SOUTH,SKU-90,131.31951784076196
Wh-4,SOUTH,SKU-92,69.7861092951645
Wh-4,SOUTH,SKU-93,13.53818908797026
Wh-4,SOUTH,SKU-95,20.791316140631153
Wh-4,SOUTH,SKU-418,76.14678036701177
Wh-4,SOUTH,SKU-97,514.9376663395184
Wh-4,SOUTH,SKU-98,373.3673327058641
Wh-4,SOUTH,SKU-252,491.59999001204517
Wh-4,SOUTH,SKU-253,72.01530283511181
Wh-4,SOUTH,SKU-362,-144.29836610358632
Wh-4,SOUTH,SKU-419,73.42841810230763
Wh-4,SOUTH,SKU-254,159.43181107001575
Wh-4,SOUTH,SKU-331,48.467020173458025
Wh-4,SOUTH,SKU-255,226.49198847203274
Wh-4,SOUTH,SKU-332,177.27332141979704
Wh-4,SOUTH,SKU-256,227.39800669784114
Wh-4,SOUTH,SKU-257,151.885840841147
Wh-4,SOUTH,SKU-368,33.331800727902
Wh-4,SOUTH,SKU-258,257.43758232665334
Wh-4,SOUTH,SKU-373,559.396782000933
Wh-4,SOUTH,SKU-259,802.4080171200974
Wh-4,SOUTH,SKU-260,-9596.251334006165
Wh-4,SOUTH,SKU-261,718.2846051446882
Wh-4,SOUTH,SKU-263,176.55549555046034
Wh-4,SOUTH,SKU-264,831.0728604582146
Wh-4,SOUTH,SKU-267,44.985403474679146
Wh-4,SOUTH,SKU-268,91.5197530100628
Wh-4,SOUTH,SKU-269,334.60265733043246
Wh-4,SOUTH,SKU-270,827.7031352794097
Wh-4,SOUTH,SKU-271,818.2172999479856
Wh-4,SOUTH,SKU-272,53.101122687390585
Wh-4,SOUTH,SKU-420,40.279714723308544
Wh-4,SOUTH,SKU-273,70.93508857665324
Wh-4,SOUTH,SKU-274,489.11690006310937
Wh-4,SOUTH,SKU-275,301.30254867275363
Wh-4,SOUTH,SKU-276,15.857490720525004
Wh-4,SOUTH,SKU-277,35.588934168486304
Wh-4,SOUTH,SKU-278,264.0354171387047
Wh-4,SOUTH,SKU-279,-882.2427276852939
Wh-4,SOUTH,SKU-280,171.70797566280766
Wh-4,SOUTH,SKU-281,309.30455400977837
Wh-4,SOUTH,SKU-282,64.3446700132381
Wh-4,SOUTH,SKU-375,40.36694515015376
Wh-4,SOUTH,SKU-284,19.00592748440352
Wh-4,SOUTH,SKU-285,29.348450685058907
Wh-4,SOUTH,SKU-377,32.63183438423119
Wh-4,SOUTH,SKU-286,101.93997962866133
Wh-4,SOUTH,SKU-421,14.855410471125097
Wh-4,SOUTH,SKU-101,242.30688770876333
Wh-4,SOUTH,SKU-102,79.44973242625858
Wh-4,SOUTH,SKU-103,73.6579229109758
Wh-4,SOUTH,SKU-104,302.8289892483209
Wh-4,SOUTH,SKU-105,225.03081748212523
Wh-4,SOUTH,SKU-106,660.4593848452278
Wh-4,SOUTH,SKU-107,222.2732367656141
Wh-4,SOUTH,SKU-108,943.0721151747596
Wh-4,SOUTH,SKU-109,550.966833681131
Wh-4,SOUTH,SKU-110,70.96815115577235
Wh-4,SOUTH,SKU-111,255.77536752560633
Wh-4,SOUTH,SKU-112,9.254646152459085
Wh-4,SOUTH,SKU-113,278.65860243350545
Wh-4,SOUTH,SKU-114,33.66375296661506
Wh-4,SOUTH,SKU-115,30.809006240875853
Wh-4,SOUTH,SKU-116,25.940157930823936
Wh-4,SOUTH,SKU-117,13.82473307000429
Wh-4,SOUTH,SKU-287,4.043776058383624
Wh-4,SOUTH,SKU-121,98.3656443244221
Wh-4,SOUTH,SKU-122,127.71345821709664
Wh-4,SOUTH,SKU-422,-18.979752942114544
Wh-4,SOUTH,SKU-288,-44.4854878939677
Wh-4,SOUTH,SKU-423,41.96126955244307
Wh-4,SOUTH,SKU-424,38.383490438456434
Wh-4,SOUTH,SKU-425,-16.39079541983026
Wh-4,SOUTH,SKU-426,25.059631909742293
Wh-4,SOUTH,SKU-123,6.321410189270125
Wh-4,SOUTH,SKU-289,33.33866923161529
Wh-4,SOUTH,SKU-427,-64.24593540019009
Wh-4,SOUTH,SKU-406,-56.57189189809671
Wh-4,SOUTH,SKU-124,-314.97935836131364
Wh-4,SOUTH,SKU-338,17.633446689267288
Wh-4,SOUTH,SKU-428,-21.835832181100557
Wh-4,SOUTH,SKU-339,-76.0336987525807
Wh-4,SOUTH,SKU-126,23.679081786010958
Wh-4,SOUTH,SKU-127,43.498277416317706
Wh-4,SOUTH,SKU-128,17.54048467381638
Wh-4,SOUTH,SKU-129,339.10638379132763
Wh-4,SOUTH,SKU-131,266.1415220954642
Wh-4,SOUTH,SKU-132,1913.3171246425502
Wh-4,SOUTH,SKU-133,3422.4250090214873
Wh-4,SOUTH,SKU-134,443.45440980103103
Wh-4,SOUTH,SKU-136,731.0009189232376
Wh-4,SOUTH,SKU-137,1541.0044023490827
Wh-4,SOUTH,SKU-344,45.56628522282131
Wh-4,SOUTH,SKU-140,211.5367534686427
Wh-4,SOUTH,SKU-141,236.05518440424152
Wh-4,SOUTH,SKU-429,-1.8232814258422128
Wh-4,SOUTH,SKU-144,17.919812909147424
Wh-4,SOUTH,SKU-384,86.75957393018602
Wh-4,SOUTH,SKU-430,55.27410547546006
Wh-4,SOUTH,SKU-431,44.36333642997528
Wh-4,SOUTH,SKU-432,85.17793728059411
Wh-4,SOUTH,SKU-385,99.12855698845964
Wh-4,SOUTH,SKU-386,85.79529176197507
Wh-4,SOUTH,SKU-147,-233.43099748956996
Wh-4,SOUTH,SKU-148,38.572297931480165
Wh-4,SOUTH,SKU-149,-125.27990814120929
Wh-4,SOUTH,SKU-387,-185.52593065678275
Wh-4,SOUTH,SKU-150,108.98664680944614
Wh-4,SOUTH,SKU-151,2763.955045996329
Wh-4,SOUTH,SKU-152,2860.7828457374753
Wh-4,SOUTH,SKU-154,1.2115520116847445
Wh-4,SOUTH,SKU-155,52.00587894547485
Wh-4,SOUTH,SKU-156,16.740253431084334
Wh-4,SOUTH,SKU-157,183.86182594099586
Wh-4,SOUTH,SKU-158,26.63902012346742
Wh-4,SOUTH,SKU-159,30.42105311262231
Wh-4,SOUTH,SKU-160,107.1153754344479
Wh-4,SOUTH,SKU-161,16.940701193847413
Wh-4,SOUTH,SKU-162,38.337682469543296
Wh-4,SOUTH,SKU-163,53.64294019344559
Wh-4,SOUTH,SKU-164,25.805679232367044
Wh-4,SOUTH,SKU-165,143.1707486162722
Wh-4,SOUTH,SKU-166,46.60939985662365
Wh-4,SOUTH,SKU-167,74.40352618410512
Wh-4,SOUTH,SKU-297,19.56790483310236
Wh-4,SOUTH,SKU-169,12.611066415418977
Wh-4,SOUTH,SKU-170,53.250267758425025
Wh-4,SOUTH,SKU-171,8.545532069663498
Wh-4,SOUTH,SKU-172,11.000000000000115
Wh-4,SOUTH,SKU-173,15.51226469326631
Wh-4,SOUTH,SKU-174,17.84154661584799
Wh-4,SOUTH,SKU-175,8.793614313785522
Wh-4,SOUTH,SKU-176,18.206317117900536
Wh-4,SOUTH,SKU-177,9.087224135290487
Wh-4,SOUTH,SKU-178,-26.315573941932406
Wh-4,SOUTH,SKU-179,71.59799206047074
Wh-4,SOUTH,SKU-180,-13.029136925683378
Wh-4,SOUTH,SKU-182,35.34953944880385
Wh-4,SOUTH,SKU-183,25.808768903935338
Wh-4,SOUTH,SKU-184,8.073096937928103
Wh-4,SOUTH,SKU-185,46.69254959448517
Wh-4,SOUTH,SKU-186,40.03844646508439
Wh-4,SOUTH,SKU-187,15.638142995534864
Wh-4,SOUTH,SKU-190,43.53248754642641
Wh-4,SOUTH,SKU-193,-4.833623749409547
Wh-4,SOUTH,SKU-194,45.380900606963166
Wh-4,SOUTH,SKU-196,89.72845984618701
Wh-4,SOUTH,SKU-199,30.651193454280033
Wh-4,SOUTH,SKU-200,27.288253470646747
Wh-4,SOUTH,SKU-201,49.73110545688971
Wh-4,SOUTH,SKU-202,4.948621523931044
Wh-4,SOUTH,SKU-203,410.6099251642276
Wh-4,SOUTH,SKU-204,63.5232036510589
Wh-4,SOUTH,SKU-314,29.118169341793106
Wh-4,SOUTH,SKU-315,9.999457254216306
Wh-4,SOUTH,SKU-316,77.54643576039217
Wh-4,SOUTH,SKU-317,79.73882265527017
Wh-4,SOUTH,SKU-318,11.1002970177105
Wh-4,SOUTH,SKU-319,-3.318531420187398
Wh-4,SOUTH,SKU-320,6.615338290219001
Wh-4,SOUTH,SKU-321,39.18618274759774
Wh-4,SOUTH,SKU-322,29.56451528376641
Wh-4,SOUTH,SKU-324,14.121624570474053
Wh-4,SOUTH,SKU-325,12.171613714501085
Wh-4,SOUTH,SKU-326,118.77995121244297
Wh-4,SOUTH,SKU-396,9.940241325113032
Wh-4,SOUTH,SKU-397,54.31406060284252
Wh-4,SOUTH,SKU-433,36.99996148330811
Wh-4,SOUTH,SKU-399,66.49433599258634
Wh-4,SOUTH,SKU-205,44.064872160537156
Wh-4,SOUTH,SKU-206,677.2119412087875
Wh-4,SOUTH,SKU-434,12.630711322663043
Wh-4,SOUTH,SKU-208,28.131288302655772
Wh-4,SOUTH,SKU-211,228.98960912104246
Wh-4,SOUTH,SKU-212,11.797035482590017
Wh-4,SOUTH,SKU-214,0.7555731400332895
Wh-4,SOUTH,SKU-215,176.3943642636077
Wh-4,SOUTH,SKU-217,-35.140496601491165
Wh-4,SOUTH,SKU-218,6.403860331289189
Wh-4,SOUTH,SKU-219,49.49934564658595
Wh-4,SOUTH,SKU-220,248.25167108047125
Wh-4,SOUTH,SKU-221,30.475445538168884
Wh-4,SOUTH,SKU-224,259.6493090397358
Wh-4,SOUTH,SKU-225,250.76395804706976
Wh-4,SOUTH,SKU-226,328.0451996432614
Wh-4,SOUTH,SKU-228,15.864100147886292
Wh-4,SOUTH,SKU-229,74.00374677364934
Wh-4,SOUTH,SKU-230,30.181042448194482
Wh-4,SOUTH,SKU-231,38.53123007373698
Wh-4,SOUTH,SKU-232,20.82982454447414
Wh-4,SOUTH,SKU-233,93.67765105638026
